,gene,rnav8_len,k,start_1based,end_1based,peptide,is_mut,is_ref,is_linker,is_leader,is_mitd,is_chimeric,is_CTA,mhcflurry_peptide,mhcflurry_peptide_num,mhcflurry_sample_name,mhcflurry_affinity,mhcflurry_best_allele,mhcflurry_processing_score,mhcflurry_presentation_score,mhcflurry_presentation_percentile,netmhcpan_best_allele_by_pr,netmhcpan_pr,netmhcpan_aff
18,ABI3BP,25,9,1,9,IPPKTSRTL,False,True,False,False,False,False,False,IPPKTSRTL,18,sample1,76.63097212525604,C*01:02,0.4595130290836096,0.8500543950692536,0.1993750000000034,HLA-C*01:02,0.158,445.76
25,ABI3BP,25,9,8,16,TLEQPMATL,True,False,False,False,False,False,False,TLEQPMATL,25,sample1,59.405680603234636,C*01:02,0.0902106249704957,0.6627795863965235,0.5019293478260352,HLA-C*01:02,0.864,3313.63
33,ABI3BP,25,9,16,24,LAPSETPFV,False,True,False,False,False,False,False,LAPSETPFV,33,sample1,87.78069923706266,C*01:02,0.06101071718148887,0.548132005488575,0.7210054347824979,HLA-C*01:02,0.124,346.21
41,ABI3BP,25,10,7,16,RTLEQPMATL,True,False,False,False,False,False,False,RTLEQPMATL,41,sample1,342.70824393676776,C*01:02,0.6008451171219349,0.6857038580738146,0.46138586956517713,HLA-C*01:02,1.876,7023.27
82,BMP1,25,8,17,24,YRSRLCWY,False,True,False,False,False,False,False,YRSRLCWY,82,sample1,2061.1929952131527,C*07:01,0.009316287454566918,0.04497807155051911,5.671874999999957,HLA-C*07:01,0.499,1556.12
84,BMP1,25,9,1,9,VTPGEKIIL,False,True,False,False,False,False,False,VTPGEKIIL,84,sample1,32.455146232051455,C*01:02,0.07126966048963368,0.7677951702843354,0.3283152173912782,HLA-C*01:02,0.107,283.16
89,BMP1,25,9,6,14,KIILNFTTL,True,False,False,False,False,False,False,KIILNFTTL,89,sample1,62.82330105310425,C*01:02,0.24402968399226665,0.762349438982255,0.3385597826086837,HLA-C*01:02,0.437,1648.2
108,BMP1,25,10,8,17,ILNFTTLDLY,True,False,False,False,False,False,False,ILNFTTLDLY,108,sample1,397.25588353695406,A*01:01,0.0590585444442695,0.2175041276152879,1.731739130434704,HLA-A*01:01,0.139,185.87
138,CDC40,25,8,7,14,LSPNGKSL,True,False,False,False,False,False,False,LSPNGKSL,138,sample1,37.06839713891176,C*01:02,0.3020476885139942,0.867992830469506,0.17184782608696025,HLA-C*01:02,0.106,281.61
155,CDC40,25,9,6,14,TLSPNGKSL,True,False,False,False,False,False,False,TLSPNGKSL,155,sample1,30.381092671526748,C*01:02,0.118210882646963,0.8062982348254204,0.2683967391303952,HLA-C*01:02,0.31,1129.8
223,MAP2,46,8,26,33,VVPFTKAL,True,False,False,False,False,False,False,VVPFTKAL,223,sample1,106.3602561235778,C*01:02,0.17740425933152437,0.6031125399380882,0.6095380434781958,HLA-C*01:02,0.102,267.69
224,MAP2,46,8,27,34,VPFTKALM,True,False,False,False,False,False,False,VPFTKALM,224,sample1,152.8754085041204,B*08:01,0.42134576104581356,0.7169026364612648,0.4095652173913038,HLA-B*08:01,2.026,1969.94
255,MAP2,46,9,19,27,VRIYQGRVV,True,False,False,False,False,False,False,VRIYQGRVV,255,sample1,142.73052529543338,C*07:01,0.4826787058264017,0.7708029911722674,0.32350543478260363,HLA-C*07:01,0.18,558.28
257,MAP2,46,9,21,29,IYQGRVVPF,True,False,False,False,False,False,False,IYQGRVVPF,257,sample1,137.68788910889734,C*07:01,0.7557790763676167,0.9015044767998036,0.11961956521740547,HLA-C*07:01,0.856,2492.27
260,MAP2,46,9,24,32,GRVVPFTKA,True,False,False,False,False,False,False,GRVVPFTKA,260,sample1,131.33533925153966,B*27:05,0.46765692345798016,0.7756550111986702,0.3167663043477944,HLA-B*27:05,2.503,1572.45
261,MAP2,46,9,25,33,RVVPFTKAL,True,False,False,False,False,False,False,RVVPFTKAL,261,sample1,53.399215987370674,C*01:02,0.5948334485292435,0.9285526860313993,0.07940217391303861,HLA-C*01:02,0.272,955.25
262,MAP2,46,9,26,34,VVPFTKALM,True,False,False,False,False,False,False,VVPFTKALM,262,sample1,70.3866518862408,C*01:02,0.08792760979849845,0.6231343104279621,0.5722554347825621,HLA-C*01:02,0.087,206.1
263,MAP2,46,9,27,35,VPFTKALMI,True,False,False,False,False,False,False,VPFTKALMI,263,sample1,89.80587587212494,B*08:01,0.7832967713475227,0.9385730624865474,0.0643206521739188,HLA-B*08:01,1.4,1323.8
268,MAP2,46,9,32,40,ALMIKFEEI,True,False,False,False,False,False,False,ALMIKFEEI,268,sample1,158.95257022421424,B*08:01,0.661398708820343,0.8507660148330426,0.1993750000000034,HLA-B*08:01,0.262,181.28
294,MAP2,46,10,20,29,RIYQGRVVPF,True,False,False,False,False,False,False,RIYQGRVVPF,294,sample1,407.29741110701156,C*01:02,0.7349352389574051,0.7477825234902032,0.36095108695650424,HLA-B*08:01,0.999,879.81
355,PIP5K1A,28,8,8,15,APVATPAL,True,False,False,False,False,False,False,APVATPAL,355,sample1,1177.232444282441,C*01:02,0.305454570800066,0.18790045504598077,1.9201630434781833,HLA-C*01:02,0.439,1656.38
362,PIP5K1A,28,8,15,22,LLTSHRSL,True,False,False,False,False,False,False,LLTSHRSL,362,sample1,1231.6157879369582,B*08:01,0.0777759711490944,0.09004104244184576,3.1588586956520857,HLA-B*08:01,0.377,275.73
375,PIP5K1A,28,9,7,15,AAPVATPAL,True,False,False,False,False,False,False,AAPVATPAL,375,sample1,22.01541646935366,C*01:02,0.7341283150017262,0.9805101777868475,0.007255434782621251,HLA-C*01:02,0.007,11.59
394,PIP5K1A,28,10,6,15,RAAPVATPAL,True,False,False,False,False,False,False,RAAPVATPAL,394,sample1,49.96962487883811,C*01:02,0.24621670693159103,0.8014998310015791,0.27603260869564394,HLA-C*01:02,0.069,151.89
395,PIP5K1A,28,10,7,16,AAPVATPALL,True,False,False,False,False,False,False,AAPVATPALL,395,sample1,33.21428884149478,C*01:02,0.397992642596364,0.9112854698647911,0.10394021739132597,HLA-C*01:02,0.068,149.04
412,PIP5K1A,28,11,5,15,RRAAPVATPAL,True,False,False,False,False,False,False,RRAAPVATPAL,412,sample1,59.01946907449498,C*07:01,0.1422674390487373,0.7039596136958644,0.4310869565217246,HLA-C*01:02,0.212,689.74
454,SMC5,25,9,11,19,RQKRIGNTR,True,False,False,False,False,False,False,RQKRIGNTR,454,sample1,121.07188531463042,B*27:05,0.15974517143331468,0.5572798494670976,0.7013858695651152,HLA-B*27:05,1.4,599.19
456,SMC5,25,9,13,21,KRIGNTRKM,True,False,False,False,False,False,False,KRIGNTRKM,456,sample1,36.80007240208899,C*07:01,0.06430770861334167,0.7406268657670435,0.37358695652172,HLA-C*07:01,0.066,195.03
516,SPG11,25,9,7,15,LIDDQDVSI,True,False,False,False,False,False,False,LIDDQDVSI,516,sample1,125.86779456002365,C*01:02,0.3316497001796961,0.6901060990474238,0.4548369565217172,HLA-A*01:01,2.355,7932.71
526,SPG11,25,9,17,25,LLSLRILSF,False,True,False,False,False,False,False,LLSLRILSF,526,sample1,77.4165613453536,B*08:01,0.4522215351462364,0.8454462000328207,0.20706521739127481,HLA-B*08:01,0.09,58.22
532,SPG11,25,10,6,15,KLIDDQDVSI,True,False,False,False,False,False,False,KLIDDQDVSI,532,sample1,239.8657978219368,C*01:02,0.7258778959512711,0.8276511400361685,0.23519021739130608,HLA-C*01:02,9.911,22746.92
542,SPG11,25,10,16,25,SLLSLRILSF,False,True,False,False,False,False,False,SLLSLRILSF,542,sample1,627.5234729046349,B*27:05,0.31914879381656647,0.309140415987372,1.3343749999999233,HLA-B*08:01,0.333,237.23
660,TECPR1,83,9,27,35,EVPGPSWSL,True,False,False,False,False,False,False,EVPGPSWSL,660,sample1,59.34389753447961,C*01:02,0.46677792351692915,0.8817450760131815,0.1514402173913254,HLA-C*01:02,0.268,935.86
678,TECPR1,83,9,45,53,SRWESAWSG,True,False,False,False,False,False,False,SRWESAWSG,678,sample1,340.03976756247806,B*27:05,0.1498977376613766,0.3083579983400033,1.3343749999999233,HLA-B*27:05,0.443,136.67
703,TECPR1,83,9,70,78,TIPAAPVGL,True,False,False,False,False,False,False,TIPAAPVGL,703,sample1,26.28428712804486,C*01:02,0.3070325553417206,0.9033408626298494,0.11682065217391369,HLA-C*01:02,0.041,83.92
706,TECPR1,83,9,73,81,AAPVGLRWL,True,False,False,False,False,False,False,AAPVGLRWL,706,sample1,38.28177943121105,C*01:02,0.15587826329283416,0.7916457568902094,0.2912499999999625,HLA-C*01:02,0.081,193.21
734,TECPR1,83,10,26,35,KEVPGPSWSL,True,False,False,False,False,False,False,KEVPGPSWSL,734,sample1,2248.742127250853,B*27:05,0.4546149540692568,0.17298381313137473,2.027690217391225,HLA-C*01:02,0.373,1381.6
753,TECPR1,83,10,45,54,SRWESAWSGL,True,False,False,False,False,False,False,SRWESAWSGL,753,sample1,63.243425369373774,C*07:01,0.19101055013015866,0.7254265272158179,0.3973641304347808,HLA-B*27:05,0.01,11.57
777,TECPR1,83,10,69,78,LTIPAAPVGL,True,False,False,False,False,False,False,LTIPAAPVGL,777,sample1,111.42488810790788,C*01:02,0.2800327483564615,0.6762032728784696,0.4788586956521357,HLA-C*01:02,0.367,1356.26
868,VPS72,25,8,13,20,RALLPLEL,True,False,False,False,False,False,False,RALLPLEL,868,sample1,170.84081118912832,C*01:02,0.38518839702010155,0.6666992275701744,0.49510869565216353,HLA-C*07:01,4.065,9095.19
885,VPS72,25,9,12,20,ERALLPLEL,True,False,False,False,False,False,False,ERALLPLEL,885,sample1,47.50778208829167,C*07:01,0.2833710527047515,0.8286693910953119,0.23345108695652073,HLA-C*07:01,0.188,590.32
933,WWC1,24,8,12,19,MGHLQHEL,True,False,False,False,False,False,False,MGHLQHEL,933,sample1,115.99551643229341,C*01:02,0.3307158090174198,0.7061279167746464,0.42766304347823336,HLA-B*08:01,0.717,594.01
951,WWC1,24,9,13,21,GHLQHELQF,True,False,False,False,False,False,False,GHLQHELQF,951,sample1,113.42506890264815,C*07:01,0.259261479601264,0.6560192228648354,0.5143749999999585,HLA-C*07:01,4.486,9796.8
1002,MAGEA10p1,25,9,1,9,SSPSVVASL,False,True,False,False,False,False,True,SSPSVVASL,1002,sample1,21.110055920581388,C*01:02,0.16465385956689715,0.8748015269207916,0.16249999999999432,HLA-C*01:02,0.008,12.33
1019,MAGEA10p1,25,10,1,10,SSPSVVASLP,False,True,False,False,False,False,True,SSPSVVASLP,1019,sample1,13090.572570329334,C*01:02,0.008235680041252635,0.007728873015256679,31.643179347826077,HLA-C*01:02,0.494,1899.73
1035,MAGEA10p1,25,11,1,11,SSPSVVASLPL,False,True,False,False,False,False,True,SSPSVVASLPL,1035,sample1,418.57842279669956,C*01:02,0.02461180041427724,0.18955046992904015,1.905543478260796,HLA-C*01:02,0.121,334.2
1051,MAGEA10p2,25,8,2,9,VTDLVQFL,False,True,False,False,False,False,True,VTDLVQFL,1051,sample1,218.4621970498831,A*01:01,0.7729858718812466,0.8613483409926228,0.1821467391304452,HLA-A*01:01,0.941,2721.01
1057,MAGEA10p2,25,8,8,15,FLLFKYQM,False,True,False,False,False,False,True,FLLFKYQM,1057,sample1,410.1786929319161,B*08:01,0.13465335359796882,0.2603978337209331,1.5202989130434048,HLA-B*08:01,0.128,87.63
1068,MAGEA10p2,25,9,1,9,KVTDLVQFL,False,True,False,False,False,False,True,KVTDLVQFL,1068,sample1,81.34874039241913,C*01:02,0.8616118803620338,0.9568792538563173,0.038315217391314604,HLA-C*07:01,0.45,1412.77
1069,MAGEA10p2,25,9,2,10,VTDLVQFLL,False,True,False,False,False,False,True,VTDLVQFLL,1069,sample1,108.78437810075624,A*01:01,0.4036145284771919,0.7679767844030344,0.3283152173912782,HLA-A*01:01,0.126,168.04
1080,MAGEA10p2,25,9,13,21,YQMKEPITK,False,True,False,False,False,False,True,YQMKEPITK,1080,sample1,86.88238876593987,B*27:05,0.5966939721256495,0.8907509152335247,0.13692934782609711,HLA-B*27:05,2.747,1821.31
1084,MAGEA10p2,25,9,17,25,EPITKAEIL,False,True,False,False,False,False,True,EPITKAEIL,1084,sample1,88.03372181871534,B*08:01,0.29368303483352065,0.7337152898998892,0.38508152173912436,HLA-B*08:01,1.689,1621.96
1086,MAGEA10p2,25,10,2,11,VTDLVQFLLF,False,True,False,False,False,False,True,VTDLVQFLLF,1086,sample1,105.83716241662344,A*01:01,0.5764349922537804,0.8623637058673023,0.1807065217391255,HLA-A*01:01,0.08,91.16
1205,MAGEC1p1,25,9,6,14,MPTAGMPSL,False,True,False,False,False,False,True,MPTAGMPSL,1205,sample1,77.11967414544304,B*08:01,0.8355902284383774,0.9551892991765902,0.03964673913044692,HLA-C*01:02,2.124,7816.58
1221,MAGEC1p1,25,10,5,14,DMPTAGMPSL,False,True,False,False,False,False,True,DMPTAGMPSL,1221,sample1,119.73642462637594,C*01:02,0.30586328147910535,0.6808950908421842,0.4698369565216751,HLA-C*01:02,0.584,2261.99
1282,MAGEC1p2,25,9,17,25,SSPEGKDSL,False,True,False,False,False,False,True,SSPEGKDSL,1282,sample1,26.62843195242034,C*01:02,0.23959087580442429,0.8790703829859254,0.15467391304348155,HLA-C*01:02,0.036,74.21
1314,MAGEC1p3,25,8,1,8,FAQSPLQI,False,True,False,False,False,False,True,FAQSPLQI,1314,sample1,162.1616093286923,C*01:02,0.4001904344186187,0.6893362454365073,0.4563315217391022,HLA-C*01:02,4.517,14042.74
1324,MAGEC1p3,25,8,11,18,SPSSSSTL,False,True,False,False,False,False,True,SPSSSSTL,1324,sample1,2396.182609115678,C*01:02,0.10404993500560522,0.05382663961091608,4.807092391304323,HLA-C*01:02,0.264,916.83
1341,MAGEC1p3,25,9,10,18,VSPSSSSTL,False,True,False,False,False,False,True,VSPSSSSTL,1341,sample1,26.7171004845041,C*01:02,0.2750385506078601,0.8914700477888546,0.13535326086957866,HLA-C*01:02,0.007,9.22
1344,MAGEC1p3,25,9,13,21,SSSSTLLSL,False,True,False,False,False,False,True,SSSSTLLSL,1344,sample1,43.6080517726507,C*01:02,0.05253881262615323,0.6990356519876642,0.4397010869565037,HLA-C*01:02,0.352,1290.55
1357,MAGEC1p3,25,10,9,18,PVSPSSSSTL,False,True,False,False,False,False,True,PVSPSSSSTL,1357,sample1,270.5527050478048,C*01:02,0.005632098502246663,0.25045437521980246,1.5659510869564457,HLA-C*01:02,0.189,581.05
1358,MAGEC1p3,25,10,10,19,VSPSSSSTLL,False,True,False,False,False,False,True,VSPSSSSTLL,1358,sample1,46.67597607663383,C*01:02,0.06457851023878902,0.6940808873475162,0.4474999999999767,HLA-C*01:02,0.052,107.3
1372,MAGEC1p3,25,11,8,18,IPVSPSSSSTL,False,True,False,False,False,False,True,IPVSPSSSSTL,1372,sample1,224.04407533977502,B*08:01,0.14942678052466363,0.4003023274794277,1.0576086956520356,HLA-C*01:02,0.102,266.27
1395,PAGE2,25,8,16,23,TFDLTKVL,False,True,False,False,False,False,True,TFDLTKVL,1395,sample1,192.2698234992499,C*01:02,0.4834165219217539,0.7162742705527396,0.4113315217391147,HLA-C*01:02,6.084,17134.66
1406,PAGE2,25,9,9,17,VREGIMPTF,False,True,False,False,False,False,True,VREGIMPTF,1406,sample1,52.82333005903476,C*07:01,0.09807718684896827,0.6937290619275586,0.4474999999999767,HLA-C*07:01,0.277,878.36
1427,PAGE2,25,10,13,22,IMPTFDLTKV,False,True,False,False,False,False,True,IMPTFDLTKV,1427,sample1,482.5819436701458,C*01:02,0.3368768533691764,0.3807632213974432,1.1085597826085376,HLA-C*01:02,0.407,1532.39
1443,PAGE2,25,11,13,23,IMPTFDLTKVL,False,True,False,False,False,False,True,IMPTFDLTKVL,1443,sample1,1917.037898539047,C*01:02,0.15068084315862507,0.07691883261218202,3.5626902173912214,HLA-C*01:02,0.196,620.72
1465,PAGE5,24,9,3,11,VREGTLPTF,False,True,False,False,False,False,True,VREGTLPTF,1465,sample1,52.2543355162559,C*07:01,0.05408053379505873,0.6620549703835366,0.5038043478260334,HLA-C*07:01,0.411,1309.76
1485,PAGE5,24,10,7,16,TLPTFDPTKV,False,True,False,False,False,False,True,TLPTFDPTKV,1485,sample1,220.1699502138865,C*01:02,0.4927303232252598,0.6958028106023945,0.44383152173911355,HLA-C*01:02,1.026,3936.55
1500,PAGE5,24,11,7,17,TLPTFDPTKVL,False,True,False,False,False,False,True,TLPTFDPTKVL,1500,sample1,213.15764776188504,C*01:02,0.19725923147052526,0.45348878030270307,0.9252717391303236,HLA-C*01:02,0.22,721.1
1530,XAGE1Ap1,25,9,5,13,QLKVGILHL,False,True,False,False,False,False,True,QLKVGILHL,1530,sample1,77.25077298009815,B*08:01,0.17316756071522832,0.671301090626941,0.4883152173912748,HLA-B*08:01,0.792,665.99
1541,XAGE1Ap1,25,9,16,24,RQKKIRIQL,False,True,False,False,False,False,True,RQKKIRIQL,1541,sample1,49.26971587709329,C*07:01,0.6224369034171104,0.9393752719126912,0.06312499999999943,HLA-B*08:01,1.2,1118.37
1558,XAGE1Ap1,25,10,16,25,RQKKIRIQLR,False,True,False,False,False,False,True,RQKKIRIQLR,1558,sample1,211.91169822956056,B*27:05,0.6150255762040615,0.7853669958109232,0.3009239130434338,HLA-B*27:05,1.751,863.35
1592,XAGE1Ap2,25,9,1,9,ISQTPGINL,False,True,False,False,False,False,True,ISQTPGINL,1592,sample1,48.26454439433474,C*01:02,0.26859587989747524,0.8188534498605134,0.24815217391304145,HLA-C*01:02,0.613,2378.74
1594,XAGE1Ap2,25,9,3,11,QTPGINLDL,False,True,False,False,False,False,True,QTPGINLDL,1594,sample1,72.94023535305432,C*01:02,0.19312988221645355,0.698565580401679,0.4409239130434628,HLA-C*01:02,0.201,648.84
